"steam_appid";"timestamp_created";"timestamp_updated";"voted_up";"votes_up";"votes_funny";"weighted_vote_score";"comment_count
10;1495993232;1499801573;"TRUE";399;272;0.951596916;19
10;1427890049;1480048737;"TRUE";2459;4082;0.947314501;117
10;1357415282;1547414438;"TRUE";179;0;0.943737566;4
10;1446029119;1446029119;"TRUE";837;1833;0.93421483;23
10;1492564189;1492564189;"TRUE";414;43;0.917499304;14
10;1448977295;1448977295;"TRUE";471;552;0.911702037;6
10;1631273637;1631273637;"TRUE";113;19;0.909777343;2
10;1445780333;1479990880;"TRUE";785;227;0.908299983;15
10;1588337307;1588337307;"TRUE";135;105;0.905160367;0
10;1449879100;1449879100;"TRUE";679;875;0.899869204;4
10;1419401473;1419401473;"TRUE";649;1722;0.895363986;19
10;1604988058;1604988058;"TRUE";144;5;0.89505738;16
10;1428714889;1451405791;"TRUE";420;121;0.89226073;18
10;1438023860;1438023860;"TRUE";1082;2110;0.89175266;34
10;1575662830;1575662830;"TRUE";101;2;0.889169097;0
10;1389605705;1389606308;"TRUE";376;9;0.884236395;26
10;1422452490;1511550541;"TRUE";321;994;0.876540482;7
10;1591405530;1591405530;"TRUE";104;9;0.875250697;0
10;1608338031;1608338031;"TRUE";87;13;0.873152792;0
10;1613766003;1613766003;"TRUE";92;64;0.868495762;5
10;1628340891;1628340891;"TRUE";95;80;0.867193043;0
10;1391801647;1391801647;"TRUE";1065;6;0.866626382;44
10;1430566299;1430596482;"TRUE";570;1198;0.86659956;13
10;1494412108;1496062803;"TRUE";104;4;0.865624309;4
10;1385413508;1390167851;"TRUE";713;1;0.863502502;16
10;1543915483;1598814439;"TRUE";70;0;0.863315523;0
10;1620371919;1620371919;"TRUE";62;39;0.860908329;0
10;1404837790;1404837790;"TRUE";697;10;0.860560715;8
10;1394977461;1394977461;"TRUE";325;3;0.860191643;5
10;1606932049;1606932049;"TRUE";89;54;0.858108938;0
10;1471470239;1472899096;"TRUE";117;70;0.857013822;10
10;1414837932;1414837932;"TRUE";250;58;0.856934905;0
10;1525843141;1525843141;"TRUE";67;12;0.856693387;0
10;1498471290;1498471290;"TRUE";277;52;0.853075802;11
10;1511464900;1511464900;"TRUE";159;44;0.852932394;10
10;1429058664;1429058740;"TRUE";168;83;0.851992905;13
10;1385412256;1385412256;"TRUE";345;2;0.851625323;3
10;1542842536;1542842536;"TRUE";74;5;0.851257265;0
10;1439489957;1446842055;"TRUE";272;152;0.851095796;6
10;1412945848;1446609068;"TRUE";487;718;0.849826157;5
10;1404572293;1404572293;"TRUE";689;6;0.849332988;13
10;1498604560;1498604560;"TRUE";236;202;0.848651171;6
10;1577602949;1577602949;"TRUE";46;0;0.848484874;0
10;1479760823;1542835799;"TRUE";91;66;0.847124875;6
10;1610830054;1610830054;"TRUE";61;5;0.845965326;0
10;1511836435;1511930899;"TRUE";75;3;0.844908834;3
10;1423913622;1423913622;"TRUE";116;39;0.843588591;1
10;1511404872;1565835910;"TRUE";90;10;0.842971146;4
10;1511667145;1511667145;"TRUE";104;18;0.842916012;0
10;1527185810;1527185810;"TRUE";75;7;0.840790927;0
10;1389639370;1403741523;"TRUE";94;0;0.838114381;2
10;1526299602;1526299602;"TRUE";77;103;0.835241318;0
10;1388094201;1388094201;"TRUE";184;0;0.835167825;5
10;1412255206;1414661084;"TRUE";152;39;0.83394146;3
10;1481841494;1481841494;"TRUE";135;319;0.830624819;13
10;1625244707;1625244707;"TRUE";104;13;0.82967037;3
10;1547329562;1547329626;"TRUE";78;77;0.829363942;11
10;1494959216;1494959216;"TRUE";58;57;0.828997612;6
10;1604156929;1604156929;"TRUE";77;92;0.828965008;0
10;1385405036;1385405036;"TRUE";501;1;0.828463495;4
10;1613134261;1613134261;"TRUE";51;4;0.825263202;11
10;1417261885;1417261885;"TRUE";175;176;0.823886216;5
10;1498752379;1498752379;"TRUE";91;5;0.822543144;7
10;1428397040;1428397040;"TRUE";111;14;0.821933508;0
10;1607023925;1607079793;"TRUE";42;1;0.821721137;3
10;1467141313;1467141313;"TRUE";157;543;0.820770979;23
10;1479951826;1479951826;"TRUE";56;26;0.819133282;2
10;1413913634;1486149616;"TRUE";194;35;0.818196118;8
10;1471779522;1471779609;"TRUE";69;44;0.816609681;5
10;1578676030;1578676030;"TRUE";41;1;0.816463113;0
10;1448051170;1448051170;"TRUE";215;219;0.815721571;4
10;1617010331;1617010331;"TRUE";47;2;0.814731717;0
10;1411984715;1411984715;"TRUE";338;79;0.814584553;21
10;1545946220;1545946220;"TRUE";52;12;0.813992977;0
10;1609455817;1609455817;"TRUE";61;2;0.813430786;0
10;1621322569;1621322569;"TRUE";54;16;0.812826037;0
10;1603496522;1603496522;"TRUE";73;5;0.809846938;0
10;1627227589;1627227589;"TRUE";68;19;0.809402466;2
10;1469881866;1542826511;"TRUE";52;16;0.8093732;0
10;1445610236;1489016445;"TRUE";88;202;0.809166193;3
10;1515899449;1515899449;"TRUE";73;7;0.808737755;1
10;1604621451;1604621451;"TRUE";55;6;0.808330178;0
10;1614585480;1614585480;"TRUE";61;1;0.807834744;0
10;1585609047;1585609047;"TRUE";42;5;0.807609916;0
10;1519608183;1519608183;"TRUE";47;4;0.807251096;1
10;1618483298;1618483298;"TRUE";79;3;0.805682123;9
10;1574799820;1574799820;"TRUE";51;28;0.805025637;11
10;1414795849;1415183518;"TRUE";99;7;0.802552402;0
10;1564468943;1565895607;"TRUE";60;33;0.801005423;0
10;1612008267;1612008267;"TRUE";51;3;0.79976058;0
10;1391991076;1391991317;"TRUE";131;1;0.79973793;3
10;1438584947;1438584947;"TRUE";64;50;0.798813581;0
10;1619246892;1619246892;"TRUE";58;39;0.798393428;2
10;1600719203;1600719203;"TRUE";38;0;0.797800064;0
10;1581114472;1581114472;"TRUE";34;2;0.795675099;0
10;1586602641;1586602641;"TRUE";44;8;0.794768095;0
10;1602922887;1602922887;"TRUE";49;21;0.794711471;0
10;1609402547;1609402547;"TRUE";41;3;0.793556869;3
10;1623842911;1623842911;"TRUE";33;0;0.793130875;0
10;1385405528;1385405528;"TRUE";329;0;0.790191233;2
20;1414884597;1414884597;"TRUE";665;130;0.932614923;32
20;1599091448;1599091448;"TRUE";98;23;0.901114583;0
20;1420217976;1431108445;"TRUE";435;763;0.90005815;47
20;1598689375;1598689375;"TRUE";141;55;0.8970806;5
20;1574324052;1574324052;"TRUE";351;235;0.893575549;24
20;1437390503;1450610358;"TRUE";319;36;0.880094528;14
20;1420992812;1420992812;"TRUE";130;18;0.872978687;10
20;1437245231;1437245231;"TRUE";317;1263;0.870620191;16
20;1612495714;1612495714;"TRUE";72;53;0.870203972;0
20;1615569769;1615569769;"TRUE";69;64;0.863367021;0
20;1521053346;1521053346;"TRUE";78;2;0.859487474;6
20;1591294658;1591294658;"TRUE";91;24;0.856120169;0
20;1605651144;1631816635;"TRUE";77;29;0.853982627;0
20;1607185956;1609776815;"TRUE";71;2;0.849676907;0
20;1621964909;1621964909;"TRUE";54;1;0.847427964;0
20;1625519714;1625519714;"TRUE";54;25;0.846769571;0
20;1455738569;1511454448;"TRUE";82;16;0.839861989;15
20;1596636622;1596636622;"TRUE";71;6;0.838093996;0
20;1455421267;1455421267;"TRUE";73;25;0.837070584;6
20;1618352040;1618352040;"TRUE";53;72;0.833115041;0
20;1415483551;1415483551;"TRUE";81;26;0.827674031;1
20;1590315933;1590315933;"FALSE";288;27;0.826005697;8
20;1426587518;1426587518;"TRUE";165;40;0.816840172;16
20;1405672612;1407696818;"TRUE";57;1;0.81409955;4
20;1592508331;1592508331;"TRUE";75;86;0.812784076;0
20;1585779208;1592995073;"TRUE";49;3;0.811032057;0
20;1419813882;1419813882;"TRUE";49;12;0.810497403;4
20;1619461943;1619462041;"TRUE";47;36;0.810167849;0
20;1593131797;1593131797;"TRUE";53;15;0.806569457;0
20;1613260586;1613260586;"TRUE";66;14;0.805649579;0
20;1616615020;1616615020;"TRUE";45;4;0.798010111;2
20;1591964785;1591964785;"FALSE";269;116;0.795922458;18
20;1604194610;1604194610;"TRUE";44;34;0.795800507;0
20;1390772777;1402212588;"TRUE";162;0;0.790494323;9
20;1538376906;1538376906;"TRUE";41;153;0.786923289;2
20;1609214421;1609214421;"TRUE";72;27;0.783365846;0
20;1565314401;1565314401;"TRUE";39;20;0.782963037;1
20;1415825067;1415825067;"TRUE";204;33;0.782498121;29
20;1570240305;1570240367;"TRUE";31;2;0.781790257;0
20;1547677794;1547677794;"TRUE";31;2;0.779849589;0
20;1529595600;1602557729;"TRUE";77;112;0.779156387;4
20;1586082599;1586082599;"TRUE";40;9;0.777400434;1
20;1615625800;1615625800;"TRUE";55;24;0.776366115;0
20;1589664350;1589664350;"TRUE";65;9;0.774133325;3
20;1629782053;1629782053;"TRUE";37;18;0.774028122;0
20;1561948464;1561948464;"TRUE";64;19;0.7740134;0
20;1587316381;1587316381;"TRUE";59;70;0.773383737;0
20;1579517629;1579517629;"TRUE";61;9;0.773163259;0
20;1572622177;1572622177;"TRUE";27;2;0.770874321;3
20;1465360946;1465360946;"TRUE";41;3;0.770239472;0
20;1493093615;1493093615;"TRUE";30;10;0.768696725;1
20;1394817152;1394989481;"TRUE";154;3;0.767499208;2
20;1587346912;1628648593;"TRUE";26;2;0.766996205;0
20;1587866146;1587866146;"TRUE";32;36;0.766318679;3
20;1601231961;1601231961;"TRUE";32;7;0.766298831;0
20;1442747324;1442747324;"TRUE";189;397;0.76386565;20
20;1481148766;1481148766;"TRUE";43;16;0.763825476;2
20;1622855665;1622855665;"TRUE";61;25;0.76150471;0
20;1403111924;1403111952;"TRUE";759;9;0.760252655;64
20;1598025261;1598025261;"TRUE";29;8;0.759966671;8
20;1608289525;1608289525;"TRUE";55;3;0.758892179;3
20;1597797716;1597797716;"TRUE";44;23;0.75733155;0
20;1561189933;1561189933;"TRUE";23;24;0.755109847;0
20;1532481421;1532481421;"TRUE";32;50;0.752909839;2
20;1618587000;1618587180;"TRUE";29;44;0.75026381;0
20;1485769775;1485769775;"TRUE";32;10;0.748087823;0
20;1415647694;1415647694;"TRUE";54;15;0.747724652;0
20;1496654351;1496654351;"TRUE";138;34;0.747649491;8
20;1600250090;1600250090;"TRUE";28;14;0.74756217;0
20;1434078024;1434078024;"TRUE";77;14;0.746946275;1
20;1599754664;1599754664;"TRUE";37;7;0.746130764;0
20;1379363245;1385405541;"TRUE";227;0;0.744747102;6
20;1543249138;1616071306;"TRUE";30;6;0.74442625;0
20;1492893871;1492893871;"TRUE";26;24;0.743848443;0
20;1487486170;1487486170;"TRUE";35;27;0.743417501;2
20;1616915147;1616915147;"TRUE";22;0;0.742619157;0
20;1620146864;1620146864;"TRUE";26;13;0.741563022;0
20;1574191983;1574191983;"TRUE";24;22;0.740777016;0
20;1583720425;1583720425;"TRUE";31;182;0.740444124;0
20;1466086158;1466086158;"TRUE";44;27;0.738704622;3
20;1600330774;1600330955;"TRUE";29;12;0.736172616;2
20;1478192735;1478192735;"TRUE";25;4;0.733301878;6
20;1583451842;1583451842;"TRUE";21;16;0.732348442;0
20;1290763760;1385432539;"TRUE";30;0;0.731792331;11
20;1609635130;1609635130;"TRUE";29;11;0.730799437;0
20;1622583726;1622583726;"TRUE";52;26;0.730236053;0
20;1600041038;1600041038;"TRUE";24;7;0.728851438;0
20;1549676314;1549676314;"TRUE";34;43;0.727876127;0
20;1545699509;1545699509;"TRUE";20;0;0.727468371;0
20;1627426019;1627426019;"TRUE";26;4;0.726957738;0
20;1619977493;1619977493;"TRUE";29;3;0.726198733;0
20;1625699114;1625699114;"TRUE";30;5;0.725117922;0
20;1609219856;1627460883;"TRUE";33;3;0.724862814;2
20;1411945020;1411945020;"TRUE";147;25;0.72308588;22
20;1627071315;1627071315;"TRUE";39;12;0.722717524;0
20;1595950454;1595950454;"TRUE";42;8;0.722554386;0
20;1392514509;1392514509;"TRUE";661;8;0.721716583;24
20;1624056306;1624056306;"FALSE";129;50;0.721117198;25
20;1618423872;1618423872;"TRUE";108;30;0.719646275;14
20;1610307614;1610307614;"TRUE";27;2;0.719392598;0
30;1576118704;1576118704;"TRUE";156;69;0.939195037;0
30;1609479315;1609479315;"TRUE";82;2;0.889581561;0
30;1385426264;1385426315;"TRUE";120;0;0.886893332;3
30;1431229620;1431229620;"TRUE";128;405;0.858121932;13
30;1453968585;1529303145;"TRUE";58;12;0.81513679;24
30;1403073835;1403073835;"TRUE";76;0;0.806010187;3
30;1621178079;1621178079;"TRUE";41;28;0.805890322;0
30;1625338567;1625338567;"TRUE";40;1;0.805509806;0
30;1521343784;1521343784;"TRUE";30;3;0.797169566;0
30;1512282246;1608128869;"TRUE";34;1;0.79501307;1
30;1529324546;1529324546;"TRUE";41;38;0.788809776;0
30;1497147000;1575076735;"TRUE";69;2;0.786000073;3
30;1584647086;1618207797;"TRUE";40;9;0.775313318;7
30;1414854640;1414854640;"TRUE";52;6;0.771620095;0
30;1435497527;1435497527;"TRUE";50;8;0.771169364;2
30;1571639853;1571639853;"TRUE";29;43;0.759938657;0
30;1404825911;1404825911;"TRUE";113;15;0.759231448;14
30;1447207223;1447207223;"TRUE";81;265;0.756469607;3
30;1387646827;1387646827;"TRUE";39;0;0.754437923;0
30;1559427978;1559427978;"TRUE";26;18;0.752233565;0
30;1560008197;1601570742;"TRUE";45;113;0.750833452;1
30;1445407802;1445407802;"TRUE";28;6;0.745595694;0
30;1545315750;1545315750;"TRUE";24;3;0.745384276;0
30;1416490639;1416490639;"TRUE";39;6;0.7441203;0
30;1624658294;1624658302;"TRUE";39;57;0.742517173;0
30;1607450623;1607450623;"TRUE";20;2;0.739744484;3
30;1435022180;1435022255;"TRUE";54;13;0.737347603;0
30;1516458073;1527576211;"TRUE";21;2;0.727510273;0
30;1572691825;1572691825;"TRUE";18;0;0.726962447;0
30;1444871874;1444871874;"TRUE";66;53;0.71949476;0
30;1600443806;1600443806;"TRUE";19;7;0.71584785;0
30;1427399112;1427399112;"TRUE";33;9;0.71291095;0
30;1620657983;1620657983;"TRUE";30;10;0.71070385;0
30;1504781158;1504781158;"TRUE";24;1;0.709703028;3
30;1420493699;1420493699;"TRUE";39;139;0.708343685;0
30;1610220672;1610220672;"TRUE";21;4;0.702945054;3
30;1614715805;1614715805;"TRUE";16;0;0.702448487;0
30;1625222796;1625222796;"TRUE";20;5;0.701353669;0
30;1576444069;1576444069;"TRUE";14;0;0.701084793;0
30;1543436291;1543436291;"TRUE";25;8;0.700600147;0
30;1561803216;1561803216;"TRUE";21;2;0.697348833;0
30;1631630744;1631631079;"TRUE";14;0;0.695929587;0
30;1576629006;1576629006;"TRUE";13;2;0.694485009;0
30;1607608001;1607608001;"TRUE";39;29;0.692070365;1
30;1518307694;1518307694;"TRUE";16;3;0.688752651;3
30;1418497679;1418497679;"TRUE";56;119;0.682739913;0
30;1409801553;1409801553;"TRUE";21;39;0.682167053;0
30;1577261794;1577261794;"TRUE";14;4;0.680745304;0
30;1584459713;1584459713;"TRUE";13;13;0.680696666;0
30;1405910481;1405910481;"TRUE";30;13;0.680612624;0
30;1625290896;1625290896;"TRUE";17;0;0.679732919;0
30;1478273436;1478273436;"TRUE";14;5;0.677806318;0
30;1465667878;1594645547;"FALSE";64;7;0.677123845;5
30;1615003714;1615003714;"TRUE";14;1;0.675797403;1
30;1545656889;1545656889;"TRUE";15;41;0.675266504;0
30;1375342282;1501092731;"TRUE";13;0;0.675146818;0
30;1599500181;1599500181;"TRUE";13;8;0.673137903;0
30;1596640742;1596640742;"TRUE";14;19;0.670589507;0
30;1481249370;1481249370;"TRUE";19;7;0.670098722;2
30;1392748538;1392748538;"TRUE";25;0;0.665779471;2
30;1512411556;1512411556;"TRUE";14;0;0.665167153;0
30;1550361696;1550361696;"TRUE";14;0;0.665004551;0
30;1482890511;1482990025;"TRUE";18;0;0.66331172;0
30;1466917674;1467574077;"TRUE";25;75;0.663257897;1
30;1529689619;1529689619;"TRUE";11;4;0.662921369;0
30;1372894743;1372894743;"TRUE";18;0;0.660717428;0
30;1498618114;1517106390;"TRUE";12;0;0.657816887;2
30;1605834184;1605834184;"TRUE";12;0;0.65709579;0
30;1593607772;1593607772;"TRUE";9;0;0.652406454;0
30;1546171462;1588942152;"TRUE";9;0;0.651148617;0
30;1494315455;1494315547;"TRUE";11;0;0.649483681;0
30;1579170276;1579170276;"TRUE";9;4;0.648475945;0
30;1612248977;1612248977;"TRUE";10;1;0.646150529;0
30;1434536445;1434536445;"TRUE";44;19;0.64585948;3
30;1531634867;1531634867;"TRUE";11;0;0.644465864;0
30;1593164853;1593164853;"TRUE";13;5;0.64440918;0
30;1511157998;1511157998;"TRUE";15;0;0.639771938;0
30;1395881256;1395881256;"TRUE";19;0;0.63920778;0
30;1471099470;1471099470;"TRUE";14;18;0.635256588;0
30;1527489272;1527489272;"TRUE";13;1;0.634498179;0
30;1537725307;1544308244;"TRUE";10;1;0.634106934;6
30;1415490681;1415490681;"TRUE";26;4;0.633362234;0
30;1486408492;1486408492;"TRUE";10;0;0.631402552;3
30;1612189107;1612189107;"TRUE";8;0;0.629987955;0
30;1562157152;1562157152;"TRUE";13;0;0.629224658;0
30;1630693603;1630693603;"TRUE";9;4;0.627719581;0
30;1462999442;1588352759;"TRUE";8;0;0.626924694;0
30;1465795338;1465795338;"TRUE";10;2;0.625515938;0
30;1594784710;1594784710;"TRUE";8;2;0.625;0
30;1414195561;1416617195;"TRUE";35;28;0.624472618;0
30;1609418964;1609782447;"TRUE";11;1;0.623896718;0
30;1414953786;1414953786;"TRUE";25;3;0.622504056;1
30;1537128401;1537128401;"TRUE";8;3;0.621920645;1
30;1517899326;1517899326;"TRUE";8;10;0.620834947;0
30;1495307077;1495307077;"TRUE";9;1;0.620622158;0
30;1464314953;1464314953;"TRUE";10;1;0.620414674;0
30;1396565934;1396565934;"TRUE";19;1;0.620366693;0
30;1422344590;1422344590;"TRUE";13;6;0.619806409;2
30;1397788105;1397788105;"TRUE";27;0;0.618598461;1
30;1418521903;1418521903;"TRUE";21;8;0.618037105;1
40;1561803242;1561803242;"TRUE";139;79;0.905692935;0
40;1621963967;1621963967;"TRUE";103;27;0.904867053;14
40;1522743963;1522744570;"TRUE";83;52;0.850141108;14
40;1494445143;1494445240;"TRUE";64;38;0.843701243;9
40;1387041372;1387041372;"TRUE";94;2;0.841409028;2
40;1415609877;1415609877;"TRUE";140;91;0.837449133;2
40;1454354597;1454364371;"TRUE";38;79;0.789410293;0
40;1416980980;1416980980;"TRUE";63;68;0.780861378;1
40;1561227180;1561227180;"TRUE";33;0;0.78019315;0
40;1522000425;1522000425;"TRUE";48;4;0.773797393;3
40;1587275142;1587275142;"TRUE";36;110;0.764048278;0
40;1398550620;1398550620;"TRUE";35;1;0.738161325;0
40;1516458079;1527576293;"TRUE";20;2;0.724073172;1
40;1443373847;1443373847;"TRUE";19;3;0.723395288;0
40;1593837620;1593837620;"FALSE";30;7;0.718288243;0
40;1606980852;1606980852;"TRUE";20;0;0.716558039;0
40;1374684038;1374684038;"TRUE";30;0;0.71194911;0
40;1496408604;1496408604;"TRUE";23;4;0.707929373;0
40;1610262576;1610262576;"FALSE";21;3;0.705866992;0
40;1598460212;1598460212;"TRUE";14;6;0.702702701;0
40;1588878254;1588878254;"FALSE";39;4;0.701126695;2
40;1514177917;1514177946;"TRUE";19;1;0.689658582;0
40;1535939004;1535939004;"TRUE";13;0;0.684841096;0
40;1572051363;1572051363;"TRUE";14;1;0.680882633;0
40;1512511368;1512511558;"TRUE";21;1;0.676555336;1
40;1581899415;1581899415;"TRUE";12;7;0.67567569;0
40;1608173110;1608173110;"TRUE";19;0;0.673520625;0
40;1617916683;1617916683;"TRUE";21;12;0.66956985;0
40;1473961414;1473961592;"TRUE";12;1;0.668630004;0
40;1610252311;1610252311;"TRUE";12;5;0.662916064;0
40;1434083173;1449941351;"TRUE";14;3;0.660135508;0
40;1497511826;1595155711;"TRUE";17;5;0.65963757;0
40;1584660439;1584660439;"TRUE";12;1;0.657277226;0
40;1581457493;1581457493;"TRUE";13;1;0.649586499;0
40;1386025690;1386025690;"TRUE";22;1;0.648392498;1
40;1419369281;1419369281;"TRUE";14;5;0.643897772;0
40;1538645394;1538645394;"TRUE";14;5;0.6420241;0
40;1593295357;1593295357;"TRUE";9;1;0.642014444;0
40;1610118748;1610294415;"TRUE";12;1;0.641313314;2
40;1519658977;1522033380;"TRUE";11;4;0.640423;0
40;1418786349;1418786349;"TRUE";33;20;0.639110327;1
40;1584192783;1584192783;"TRUE";9;2;0.638518155;0
40;1573428491;1573428491;"TRUE";9;1;0.638170958;0
40;1432065897;1432065897;"TRUE";13;0;0.63768661;0
40;1498586828;1498586828;"TRUE";14;16;0.635925949;0
40;1406951832;1406951832;"TRUE";45;12;0.635379791;0
40;1622591213;1622591213;"TRUE";10;0;0.63427496;0
40;1519942410;1519942410;"TRUE";17;2;0.634037077;3
40;1623440277;1623440277;"TRUE";15;7;0.633952081;0
40;1590531336;1590531336;"TRUE";8;1;0.63200444;0
40;1543971735;1561110339;"FALSE";15;4;0.627741575;1
40;1606290939;1606290939;"FALSE";11;0;0.626458645;0
40;1601467668;1601467668;"TRUE";7;1;0.626062334;0
40;1607131641;1607131641;"TRUE";9;0;0.623058319;0
40;1606545273;1606545273;"TRUE";9;5;0.622415841;0
40;1430099880;1430099880;"FALSE";25;37;0.622069895;3
40;1466283443;1466283443;"TRUE";8;7;0.62015301;0
40;1586298057;1586298057;"FALSE";18;0;0.619616807;2
40;1613770851;1613770851;"TRUE";7;0;0.619596541;0
40;1631869769;1631869769;"TRUE";7;0;0.619474709;0
40;1435411787;1435411787;"TRUE";9;7;0.61886251;0
40;1455439331;1455439331;"TRUE";8;0;0.615384638;0
40;1415645980;1415645980;"TRUE";29;1;0.611487687;0
40;1578013969;1597197815;"TRUE";0;0;0.611469626;0
40;1585744303;1585744303;"TRUE";8;0;0.611244023;0
40;1562081922;1562081922;"TRUE";8;1;0.610066712;0
40;1521384127;1552402448;"TRUE";7;4;0.606890857;0
40;1462671085;1462671085;"TRUE";11;4;0.606849432;0
40;1522518215;1522518215;"TRUE";12;2;0.605239749;0
40;1424571911;1424571911;"FALSE";22;2;0.602462053;1
40;1489961167;1489961167;"TRUE";11;2;0.602376878;0
40;1419953747;1419953747;"TRUE";10;2;0.600224495;0
40;1484504008;1484504008;"TRUE";5;0;0.598246872;0
40;1606970910;1606970910;"TRUE";7;5;0.597472191;0
40;1629008785;1629008785;"TRUE";6;0;0.597375512;0
40;1623902481;1623902481;"TRUE";6;0;0.596359313;0
40;1536347813;1536347813;"TRUE";5;1;0.595807195;0
40;1594575506;1594575506;"TRUE";5;0;0.594345391;0
40;1497830554;1530567317;"TRUE";13;7;0.594293535;0
40;1505205698;1505205698;"TRUE";8;0;0.590782285;0
40;1599769542;1608320169;"TRUE";5;2;0.589960217;0
40;1483740738;1483740738;"TRUE";5;6;0.589854956;2
40;1581355409;1581355409;"FALSE";13;2;0.589597821;0
40;1469464502;1469464502;"TRUE";6;1;0.589231193;0
40;1612968418;1612968418;"TRUE";7;3;0.588485181;0
40;1521240076;1521240076;"TRUE";11;0;0.586384535;0
40;1559423076;1559423076;"TRUE";5;0;0.586199462;0
40;1576272004;1576272004;"TRUE";5;1;0.586120427;0
40;1505567854;1505567977;"TRUE";7;2;0.585730731;0
40;1522797888;1522882411;"TRUE";11;0;0.583286822;6
40;1501857110;1501857153;"TRUE";6;0;0.582816303;0
40;1462710710;1462710710;"TRUE";5;0;0.582454264;0
40;1454884449;1454884449;"TRUE";11;1;0.580472708;1
40;1553730929;1553730929;"TRUE";7;0;0.58040458;0
40;1626967537;1626967537;"TRUE";5;1;0.580213845;0
40;1462673823;1462673823;"TRUE";9;1;0.578396261;0
40;1469773995;1509337396;"TRUE";3;0;0.577109754;0
40;1434547149;1528573702;"TRUE";41;24;0.577037096;5
40;1483123365;1483124208;"TRUE";6;0;0.576317251;0
40;1482822922;1482822922;"TRUE";6;0;0.575946987;2
50;1384972813;1470390929;"TRUE";125;0;0.886718214;8
50;1546006363;1546006363;"TRUE";121;21;0.884207964;0
50;1497052188;1497052839;"TRUE";47;5;0.838235974;2
50;1421419413;1443894127;"TRUE";92;21;0.83232075;2
50;1527958980;1527958980;"TRUE";54;28;0.831959724;0
50;1411823268;1411823541;"TRUE";72;2;0.827962458;5
50;1451952904;1451954557;"TRUE";67;2;0.827049613;4
50;1584009047;1584009047;"TRUE";46;1;0.818270385;0
50;1400343613;1400343613;"TRUE";56;0;0.791562021;0
50;1543529974;1543530131;"TRUE";36;24;0.788711905;1
50;1624469302;1624469302;"TRUE";37;17;0.78723371;0
50;1499910659;1499979662;"TRUE";49;21;0.779526293;5
50;1414268924;1423623920;"TRUE";132;90;0.778160393;7
50;1608974767;1608974767;"TRUE";31;17;0.776842296;0
50;1414294256;1414294256;"TRUE";147;175;0.776220143;0
50;1403287149;1403287149;"TRUE";35;1;0.774942935;0
50;1479939960;1479939960;"TRUE";29;1;0.771006882;0
50;1434072216;1434072216;"TRUE";27;4;0.763349533;2
50;1586299598;1586299598;"TRUE";35;3;0.762664199;0
50;1594475707;1594475707;"TRUE";29;6;0.760029793;0
50;1624994495;1624994495;"TRUE";30;6;0.75904727;0
50;1584358217;1584358217;"TRUE";43;0;0.758846879;8
50;1602367507;1602367507;"TRUE";33;17;0.758350849;1
50;1620802931;1620802931;"TRUE";39;11;0.755993068;0
50;1424571662;1424571662;"TRUE";43;1;0.754047036;1
50;1477549928;1477549928;"TRUE";34;17;0.751694918;0
50;1412769377;1412769377;"TRUE";57;76;0.749280214;0
50;1541213237;1541213237;"TRUE";32;8;0.745573699;0
50;1606226914;1606226914;"TRUE";45;17;0.740905225;0
50;1497953927;1497953927;"TRUE";28;0;0.740484595;4
50;1390071389;1390071389;"TRUE";40;0;0.739693463;2
50;1583886441;1583896111;"TRUE";23;1;0.736086369;0
50;1628232925;1628270806;"TRUE";18;0;0.735844016;0
50;1510083056;1510083056;"TRUE";51;71;0.735723734;4
50;1578917022;1578917022;"TRUE";28;0;0.734868646;0
50;1534625091;1534694155;"TRUE";28;44;0.732719362;11
50;1480301707;1480301707;"TRUE";23;29;0.728512764;0
50;1620676799;1620676799;"TRUE";22;7;0.728445053;0
50;1608130636;1608454198;"TRUE";24;4;0.726555467;6
50;1606626738;1606626738;"TRUE";28;10;0.726382017;3
50;1383874386;1383874386;"TRUE";39;0;0.725260675;0
50;1484774682;1484774682;"TRUE";26;0;0.720211804;6
50;1586682656;1586683355;"TRUE";21;0;0.718402326;0
50;1522124373;1522124743;"TRUE";33;2;0.714530766;7
50;1412358570;1619032290;"TRUE";26;1;0.713476598;1
50;1516458145;1527576201;"TRUE";18;2;0.709411442;0
50;1561773330;1562196949;"TRUE";20;0;0.708762646;0
50;1530165038;1530165038;"TRUE";26;7;0.702956378;0
50;1614210163;1614210163;"TRUE";21;3;0.702276051;0
50;1611429200;1611429299;"TRUE";19;0;0.702075601;0
50;1482436680;1482436680;"TRUE";23;0;0.700605392;2
50;1452364231;1452383013;"TRUE";17;0;0.700160086;3
50;1550400337;1550400825;"TRUE";19;1;0.699398816;0
50;1415598260;1415598260;"TRUE";109;116;0.69700557;7
50;1619376498;1619376498;"TRUE";26;4;0.69660306;0
50;1555329212;1555339875;"TRUE";19;13;0.696463406;0
50;1596243478;1596243478;"TRUE";15;6;0.693877518;0
50;1457181238;1457201238;"TRUE";13;0;0.691814303;0
50;1423612194;1423612466;"TRUE";24;13;0.690384209;1
50;1625597999;1625597999;"TRUE";17;9;0.687608778;0
50;1397192902;1397192902;"TRUE";36;0;0.686700106;1
50;1495484826;1495484826;"TRUE";12;0;0.686609685;0
50;1595382924;1595382924;"TRUE";15;2;0.685598671;0
50;1609420562;1609420562;"TRUE";20;2;0.684646487;2
50;1613163485;1613163485;"TRUE";20;18;0.684511065;7
50;1607070587;1607070587;"TRUE";14;6;0.684228301;0
50;1589629053;1589629053;"TRUE";15;2;0.682581484;2
50;1628379359;1628379359;"TRUE";19;6;0.682282567;0
50;1586902235;1586976275;"TRUE";18;0;0.681321084;0
50;1614891080;1614891080;"TRUE";18;7;0.679810703;0
50;1589205456;1589205456;"TRUE";20;9;0.679136753;0
50;1593136549;1596411853;"TRUE";15;0;0.677902877;0
50;1605217534;1605217534;"TRUE";16;11;0.677660882;0
50;1394321262;1394321591;"TRUE";16;0;0.675259829;0
50;1616182285;1616182285;"TRUE";16;12;0.674310088;0
50;1464364832;1464366984;"TRUE";12;0;0.673941433;0
50;1617642195;1617642195;"TRUE";17;3;0.672706366;0
50;1466830559;1511485489;"TRUE";28;33;0.672040164;6
50;1561827796;1561827796;"TRUE";17;3;0.670392275;0
50;1624670289;1624670289;"TRUE";18;0;0.669381797;5
50;1573858726;1573858726;"TRUE";16;0;0.668898463;0
50;1624667820;1624667835;"TRUE";16;8;0.668093264;0
50;1612922584;1612922584;"TRUE";16;0;0.668068945;0
50;1545540844;1546186845;"TRUE";20;36;0.667475283;2
50;1618180584;1618180584;"TRUE";12;1;0.663023353;2
50;1435063061;1495542329;"TRUE";10;0;0.662158489;0
50;1520792808;1520792808;"TRUE";10;9;0.660704195;0
50;1468400828;1470397793;"TRUE";11;0;0.660369277;0
50;1595768908;1598209048;"TRUE";14;0;0.658234656;0
50;1492563517;1492563517;"TRUE";14;0;0.657956898;0
50;1625087997;1625088141;"TRUE";14;0;0.656475782;0
50;1579936588;1579936588;"TRUE";17;0;0.654644966;0
50;1587059349;1587059445;"TRUE";17;10;0.653631508;0
50;1579764317;1579764872;"TRUE";14;0;0.652629256;0
50;1564536387;1564536387;"TRUE";13;7;0.652534485;0
50;1581797319;1581797319;"TRUE";12;0;0.652446568;0
50;1536311917;1536311917;"TRUE";11;0;0.651412368;0
50;1576424801;1576424801;"TRUE";13;0;0.651112437;0
50;1613423871;1613423871;"TRUE";12;2;0.650847852;0
50;1492421867;1492421867;"TRUE";13;1;0.650400698;0
60;1364233406;1389597182;"TRUE";193;64;0.928956091;51
60;1608692049;1608692049;"TRUE";74;52;0.874120951;0
60;1529409653;1529409653;"TRUE";83;37;0.848535299;2
60;1543319128;1543319128;"TRUE";83;141;0.84579289;17
60;1561268293;1561268293;"TRUE";68;56;0.844185352;0
60;1511505320;1511505320;"TRUE";63;42;0.831661224;0
60;1577494920;1577494920;"TRUE";59;35;0.831218481;0
60;1475132153;1475132163;"TRUE";48;55;0.831043363;4
60;1596636663;1596636663;"TRUE";57;23;0.825725853;0
60;1423864701;1423864701;"TRUE";196;288;0.821075261;9
60;1509538388;1512344282;"TRUE";64;36;0.818166137;3
60;1385664374;1385664374;"TRUE";217;8;0.814748168;4
60;1519158922;1519159290;"FALSE";138;185;0.811938703;42
60;1482366618;1482366618;"TRUE";75;85;0.804015517;1
60;1584941066;1584941066;"TRUE";36;17;0.797439337;9
60;1497144376;1497144376;"TRUE";46;4;0.796485901;0
60;1546394299;1546394299;"TRUE";43;30;0.792851508;0
60;1388274451;1388274451;"TRUE";64;0;0.789357841;2
60;1402415172;1402415172;"TRUE";234;11;0.788988948;1
60;1451142642;1451142642;"TRUE";58;88;0.783390403;3
60;1589444096;1589444096;"TRUE";40;7;0.781623006;0
60;1419629812;1419629812;"TRUE";60;72;0.779545665;4
60;1561765257;1561847906;"TRUE";29;8;0.775876939;0
60;1513911484;1513911484;"TRUE";52;39;0.771929502;0
60;1521669103;1521669103;"TRUE";37;15;0.769232571;2
60;1386059942;1386169177;"TRUE";60;0;0.767697692;0
60;1569963115;1569963330;"TRUE";35;30;0.767613471;8
60;1427315353;1427315353;"TRUE";86;122;0.766331613;6
60;1599595763;1599595763;"FALSE";39;20;0.762456298;6
60;1385623269;1386591641;"TRUE";70;0;0.75775063;0
60;1465322714;1465322714;"TRUE";55;43;0.755877614;0
60;1600194296;1600194296;"TRUE";44;5;0.755007982;0
60;1527925793;1527925793;"TRUE";51;41;0.75080657;1
60;1376451580;1385413119;"TRUE";77;5;0.746760368;2
60;1617751812;1617751812;"TRUE";38;14;0.746055782;3
60;1433006492;1465095249;"TRUE";26;4;0.743944883;1
60;1439999656;1439999656;"TRUE";173;216;0.738893449;26
60;1608310921;1608310921;"TRUE";28;4;0.738301396;0
60;1437598846;1466627313;"TRUE";182;290;0.73827672;0
60;1418695149;1456924750;"TRUE";115;351;0.738071084;6
60;1552073189;1552073189;"TRUE";27;12;0.737643003;0
60;1606580711;1606580711;"TRUE";26;14;0.735168397;0
60;1363144366;1363144366;"TRUE";23;11;0.732186556;4
60;1545403039;1545403039;"TRUE";35;9;0.732119799;0
60;1585821274;1585821274;"TRUE";21;15;0.731131732;0
60;1416455380;1608347454;"TRUE";161;251;0.729079902;1
60;1590691493;1590691493;"TRUE";24;46;0.727850974;0
60;1530551949;1535054031;"TRUE";25;28;0.727753162;2
60;1482119087;1530052082;"TRUE";19;3;0.725235701;0
60;1519564581;1519564581;"TRUE";50;23;0.723769605;4
60;1454916232;1454916232;"TRUE";26;17;0.723574996;3
60;1575264608;1575264608;"TRUE";26;38;0.722997606;0
60;1416536573;1416536573;"TRUE";124;115;0.72272855;1
60;1414093641;1414093641;"TRUE";42;26;0.72085768;0
60;1403412598;1403412598;"TRUE";126;0;0.720738769;2
60;1290655733;1290655733;"TRUE";18;1;0.717710912;24
60;1512590203;1512590203;"TRUE";23;2;0.714798152;0
60;1486956877;1486956877;"TRUE";23;16;0.713980317;0
60;1561167564;1606721147;"FALSE";48;10;0.713878691;0
60;1414939692;1414939692;"TRUE";210;197;0.712802887;1
60;1527545400;1527545400;"TRUE";24;32;0.71167171;0
60;1617134808;1617134808;"TRUE";47;21;0.710975945;0
60;1458703188;1458703188;"TRUE";34;74;0.710965633;2
60;1592336000;1592336000;"TRUE";19;3;0.709744155;0
60;1548755518;1548755518;"TRUE";21;14;0.708097458;2
60;1627154366;1627154366;"TRUE";23;0;0.707507432;0
60;1497440723;1497440821;"FALSE";32;16;0.706761122;0
60;1495808712;1495808712;"TRUE";22;19;0.705897629;0
60;1613292434;1613292434;"TRUE";19;0;0.705693126;0
60;1614380853;1614380853;"TRUE";22;6;0.704188883;1
60;1516458197;1527576246;"TRUE";17;2;0.701480329;0
60;1508366180;1508366180;"TRUE";22;14;0.701002181;3
60;1502018129;1502018129;"TRUE";24;3;0.700475752;2
60;1595688323;1595688323;"TRUE";16;6;0.699376464;0
60;1308634723;1385450860;"FALSE";120;23;0.699059725;4
60;1465891805;1485086104;"TRUE";18;2;0.698439658;0
60;1549486969;1549486969;"TRUE";20;3;0.698033571;0
60;1598582897;1598582897;"TRUE";26;7;0.695697427;0
60;1588161765;1588161807;"TRUE";16;27;0.69543153;0
60;1403244737;1403244737;"TRUE";105;1;0.694416106;2
60;1559534203;1559534203;"TRUE";17;2;0.690642238;0
60;1434315349;1434315349;"TRUE";69;65;0.68937248;0
60;1430672644;1430672644;"TRUE";44;42;0.689206898;1
60;1632008312;1632008312;"TRUE";18;7;0.688242853;1
60;1498165679;1498165679;"TRUE";26;29;0.687887132;0
60;1574935906;1574935906;"TRUE";17;2;0.687626481;0
60;1443320853;1443320853;"TRUE";48;55;0.687329948;0
60;1623282836;1623282836;"FALSE";30;5;0.687300265;0
60;1559233245;1559233245;"TRUE";24;34;0.687075913;0
60;1384043719;1384043719;"TRUE";81;0;0.686670959;1
60;1575436668;1575436668;"TRUE";19;2;0.686658442;0
60;1593324933;1593324933;"TRUE";13;0;0.685316145;0
60;1408871374;1408871453;"TRUE";92;35;0.684861004;10
60;1388750574;1388750574;"TRUE";68;6;0.683998704;1
60;1464182504;1464182504;"FALSE";43;69;0.683332324;7
60;1535422798;1535422798;"TRUE";20;4;0.683273435;0
60;1489929848;1489929848;"FALSE";23;0;0.683220565;1
60;1501712173;1501712173;"TRUE";19;6;0.682240367;0
60;1612281165;1612281165;"TRUE";13;2;0.68213892;0
60;1486225237;1486225304;"TRUE";17;0;0.681947887;0
70;1497730287;1580835382;"TRUE";474;79;0.952927291;10
70;1630321161;1630321161;"TRUE";386;2;0.948380351;0
70;1621430942;1621430942;"TRUE";229;44;0.941474617;22
70;1579658968;1579658968;"TRUE";150;6;0.926657617;0
70;1479946175;1479946175;"TRUE";489;304;0.920725763;42
70;1395438968;1395438968;"TRUE";484;48;0.916265488;32
70;1591915724;1591915724;"TRUE";137;6;0.912149012;1
70;1603994080;1603994080;"TRUE";172;35;0.910167336;0
70;1587312336;1587312336;"TRUE";241;199;0.909737051;1
70;1572820451;1572820451;"TRUE";135;14;0.908606708;4
70;1609546010;1609546010;"TRUE";139;84;0.906508148;14
70;1622648140;1622648140;"TRUE";122;42;0.899115741;3
70;1625597810;1625597810;"TRUE";132;42;0.895782232;3
70;1585533396;1586021931;"TRUE";97;5;0.895251989;1
70;1612813287;1612813287;"TRUE";234;22;0.894346416;1
70;1409612574;1409612574;"TRUE";174;3;0.891543806;5
70;1572817914;1572817914;"TRUE";108;102;0.891525745;3
70;1497913780;1497913937;"TRUE";130;7;0.889855444;3
70;1377297455;1574882036;"TRUE";82;1;0.884125352;5
70;1593584842;1593584842;"TRUE";95;5;0.883610606;0
70;1545228313;1545228313;"TRUE";90;2;0.882980168;4
70;1529292962;1529292962;"TRUE";249;30;0.880465269;0
70;1421288310;1442802662;"TRUE";231;26;0.8743186;24
70;1606707823;1606707823;"TRUE";108;25;0.874289632;3
70;1588200356;1588200356;"TRUE";107;64;0.874260366;6
70;1611519782;1611519782;"TRUE";187;131;0.873751938;12
70;1408390212;1445790555;"TRUE";198;4;0.873178661;0
70;1434135905;1434135905;"TRUE";117;24;0.872973919;0
70;1427013508;1427014826;"TRUE";132;20;0.870643139;3
70;1412504259;1412504259;"TRUE";214;222;0.866785467;2
70;1600663635;1600663635;"TRUE";83;2;0.865743995;4
70;1495677756;1495677756;"TRUE";73;2;0.864449084;4
70;1623719612;1623719612;"TRUE";100;55;0.86411041;0
70;1498348647;1498348647;"TRUE";113;98;0.860564291;9
70;1626834520;1626834520;"TRUE";76;18;0.859043956;8
70;1592672526;1592672526;"TRUE";82;53;0.857627809;0
70;1616433651;1633871966;"TRUE";170;91;0.857595861;5
70;1617857520;1617857520;"TRUE";68;4;0.856862545;0
70;1589507900;1589507900;"TRUE";68;4;0.856824696;0
70;1626317534;1626317534;"TRUE";87;54;0.856560469;3
70;1316737019;1385422656;"TRUE";484;33;0.855832815;8
70;1414229530;1416085578;"TRUE";486;1188;0.855349064;7
70;1482999710;1482999710;"TRUE";61;4;0.85469681;0
70;1388582873;1388582873;"TRUE";174;0;0.853100717;3
70;1403321347;1412038207;"TRUE";1277;21;0.847833872;39
70;1614715090;1614715090;"TRUE";68;4;0.846855104;0
70;1421170403;1421170403;"TRUE";79;20;0.845280707;0
70;1418874646;1418874646;"TRUE";563;631;0.844799578;39
70;1509041075;1509041075;"TRUE";60;1;0.844456196;0
70;1597142318;1597142318;"TRUE";63;60;0.844318748;0
70;1601952656;1601952656;"TRUE";55;2;0.842891097;0
70;1385411533;1411741765;"TRUE";214;0;0.840476811;14
70;1618885455;1618885455;"TRUE";61;28;0.838010132;0
70;1390847477;1433278548;"TRUE";130;2;0.836905122;23
70;1424068967;1424068967;"TRUE";252;673;0.835398436;4
70;1423518448;1423846570;"TRUE";60;0;0.835154235;2
70;1540835702;1540835702;"TRUE";64;4;0.835012496;4
70;1391587031;1391587031;"TRUE";111;0;0.834133208;0
70;1552073344;1552073344;"TRUE";58;4;0.833680511;0
70;1619907069;1619907069;"TRUE";113;14;0.833515346;0
70;1601821911;1601821911;"TRUE";132;37;0.833348691;0
70;1603372032;1603372032;"TRUE";80;92;0.832959294;14
70;1512256331;1514051471;"TRUE";81;6;0.831833482;4
70;1599910484;1599910484;"TRUE";70;72;0.831308544;7
70;1502249520;1502249520;"TRUE";81;71;0.827912986;1
70;1613089117;1613089117;"TRUE";82;32;0.826063752;0
70;1503946673;1503946805;"TRUE";101;2;0.825916588;6
70;1623127635;1623127635;"TRUE";51;3;0.825575471;2
70;1624311213;1624311213;"TRUE";61;80;0.824607491;17
70;1503638796;1503638796;"TRUE";97;10;0.824342728;2
70;1577093723;1577093723;"TRUE";71;2;0.821267664;1
70;1624075361;1624075361;"TRUE";58;21;0.819392085;0
70;1583697811;1583697811;"TRUE";45;2;0.817624152;0
70;1594728344;1594728344;"TRUE";47;61;0.817223489;7
70;1412145828;1412145828;"TRUE";104;5;0.815496027;4
70;1540156882;1540156882;"TRUE";71;24;0.814825833;1
70;1615501828;1615501828;"TRUE";131;86;0.813840508;7
70;1620746420;1620746420;"TRUE";166;37;0.813514352;0
70;1628133248;1628133248;"TRUE";49;13;0.812097669;1
70;1512281113;1512281113;"TRUE";70;2;0.811514914;8
70;1607010659;1607010659;"TRUE";56;15;0.808295131;0
70;1420504377;1420504377;"TRUE";160;73;0.808072746;19
70;1485037674;1487699271;"TRUE";52;0;0.806598186;2
70;1632545121;1632545121;"TRUE";43;23;0.806592584;0
70;1579671145;1579671145;"TRUE";55;15;0.806542873;0
70;1615231753;1615231753;"TRUE";52;4;0.806231737;0
70;1626726094;1631058400;"TRUE";45;7;0.805228233;0
70;1542985148;1542985148;"TRUE";58;5;0.8041628;0
70;1397746099;1398582044;"TRUE";242;6;0.803774595;11
70;1625243355;1625243355;"TRUE";41;17;0.802960694;4
70;1614554302;1614554315;"TRUE";84;67;0.802786171;1
70;1590168468;1590168468;"TRUE";50;35;0.80202508;0
70;1414914106;1426217809;"TRUE";318;366;0.801798046;16
70;1542617316;1542617316;"TRUE";60;1;0.800797641;0
70;1591501995;1591501995;"TRUE";81;33;0.799662471;0
70;1617108833;1617700705;"TRUE";83;36;0.798172414;0
70;1595544169;1595544169;"TRUE";71;4;0.796692789;0
70;1514013107;1514013107;"TRUE";47;6;0.795851886;1
70;1411542032;1411774923;"TRUE";113;218;0.795641422;12
70;1520044060;1520044060;"TRUE";45;21;0.794978499;2
80;1593518762;1593518762;"TRUE";114;96;0.894505262;0
80;1448534815;1448762870;"TRUE";111;14;0.884457767;0
80;1511558700;1511558700;"TRUE";123;86;0.875634015;7
80;1478049863;1516433206;"TRUE";144;47;0.872325242;6
80;1385410809;1385410836;"TRUE";127;0;0.861551881;0
80;1617854262;1617854262;"TRUE";51;5;0.847053826;0
80;1385759404;1412002158;"TRUE";511;4;0.840078294;8
80;1542905170;1551293232;"TRUE";39;5;0.827035785;0
80;1423283137;1423283137;"TRUE";93;29;0.819744229;1
80;1413176833;1413176833;"TRUE";63;4;0.819178998;0
80;1479574530;1524435383;"TRUE";51;133;0.804867804;3
80;1416710602;1420340841;"TRUE";70;8;0.79988569;2
80;1586608432;1586608432;"TRUE";43;65;0.799827516;0
80;1609635321;1609635321;"TRUE";44;4;0.79611665;0
80;1385246940;1385246940;"TRUE";79;0;0.796100616;0
80;1432328485;1432328485;"TRUE";55;3;0.792960286;5
80;1479943528;1479943528;"TRUE";49;36;0.788756728;0
80;1434630903;1434630903;"TRUE";140;12;0.787873507;3
80;1487767886;1487767886;"TRUE";67;27;0.787500262;1
80;1414489644;1414489924;"TRUE";72;22;0.785190225;5
80;1599458210;1599458210;"TRUE";33;5;0.783928931;0
80;1385866233;1385866233;"TRUE";46;0;0.778477967;5
80;1415172122;1593189716;"TRUE";230;154;0.773820519;18
80;1465130289;1465886869;"TRUE";29;4;0.77172339;0
80;1405519618;1467834300;"TRUE";57;0;0.77055794;4
80;1512280341;1608454914;"TRUE";34;1;0.759615064;2
80;1606006955;1606006955;"TRUE";55;46;0.757756114;0
80;1498592027;1498713731;"TRUE";51;7;0.756325543;2
80;1509916485;1587505133;"TRUE";28;4;0.748914063;0
80;1628797686;1628797686;"TRUE";26;0;0.748176813;0
80;1511645612;1511653843;"TRUE";23;2;0.744429529;2
80;1561778616;1561778616;"TRUE";23;2;0.741593301;0
80;1481019602;1481019602;"TRUE";25;32;0.733479679;0
80;1534982953;1534983564;"TRUE";26;1;0.730981946;0
80;1487612826;1490140824;"TRUE";27;3;0.729479492;2
80;1606928283;1606928283;"TRUE";31;12;0.727710426;0
80;1418838006;1484415985;"TRUE";53;22;0.725734115;0
80;1621607039;1621607039;"TRUE";23;3;0.72369957;0
80;1519130978;1525236385;"TRUE";21;2;0.722801685;2
80;1623577875;1623578010;"TRUE";18;0;0.719722986;0
80;1556325397;1556325397;"TRUE";20;1;0.719416142;0
80;1449501459;1454103036;"TRUE";56;3;0.71353358;3
80;1608902176;1627459858;"TRUE";18;2;0.713458419;3
80;1544942335;1544960968;"TRUE";16;7;0.71147728;0
80;1616520028;1616520028;"TRUE";17;1;0.710585177;0
80;1434524145;1434524234;"TRUE";30;1;0.709783554;0
80;1483415321;1483415321;"TRUE";17;5;0.708227754;3
80;1423429119;1496456622;"TRUE";23;8;0.704508305;0
80;1564469100;1564469100;"TRUE";20;25;0.704443455;0
80;1402744134;1402744134;"TRUE";38;0;0.703205168;1
80;1466989310;1513901261;"TRUE";15;3;0.702662766;1
80;1596524309;1596524309;"TRUE";19;1;0.702216268;3
80;1468065146;1468065146;"TRUE";35;12;0.701911986;4
80;1593703157;1593703193;"TRUE";35;4;0.70082444;1
80;1590551485;1590551485;"TRUE";21;14;0.700650454;0
80;1522286958;1604887239;"TRUE";22;1;0.70043689;1
80;1319108988;1490261652;"TRUE";16;0;0.693467319;0
80;1512511164;1512511164;"TRUE";19;1;0.69248873;1
80;1510870748;1510870893;"TRUE";31;4;0.692292631;0
80;1600820302;1600820302;"TRUE";17;5;0.691317379;0
80;1559264044;1559264044;"TRUE";13;0;0.687376261;0
80;1630933129;1630933129;"TRUE";14;4;0.687190771;0
80;1587698305;1590851922;"TRUE";14;25;0.687185943;2
80;1625463545;1625463545;"TRUE";15;1;0.687099338;0
80;1508353435;1508353435;"TRUE";22;12;0.686760187;2
80;1510009319;1510009319;"TRUE";19;1;0.684246123;0
80;1379698178;1379698178;"TRUE";58;0;0.683967054;0
80;1602678570;1602678570;"TRUE";13;12;0.681281447;0
80;1461590121;1461590121;"TRUE";24;44;0.680115044;0
80;1586702970;1586702970;"TRUE";13;8;0.677668989;0
80;1606534332;1606534332;"TRUE";11;1;0.677419364;0
80;1561915523;1561915523;"TRUE";12;1;0.675794959;0
80;1467387807;1467387807;"TRUE";13;0;0.675573826;0
80;1419476287;1419476287;"TRUE";30;61;0.675301135;0
80;1607966610;1607966610;"TRUE";17;8;0.674072742;0
80;1576440421;1576440455;"TRUE";14;13;0.671467245;0
80;1558069378;1558069378;"TRUE";18;27;0.670547605;0
80;1582511913;1582511913;"TRUE";12;3;0.670396805;0
80;1613830891;1613830891;"TRUE";16;4;0.669474244;0
80;1496153883;1496153883;"TRUE";17;2;0.668799996;0
80;1481499113;1481499113;"TRUE";15;2;0.668561578;3
80;1591605403;1591605403;"TRUE";19;14;0.668335021;0
80;1497722429;1497722429;"TRUE";29;13;0.667193472;1
80;1612372979;1612372979;"TRUE";14;0;0.666785121;0
80;1543406084;1573246119;"TRUE";13;1;0.665241897;0
80;1522917776;1522917776;"TRUE";11;0;0.664893508;0
80;1593802945;1593802945;"TRUE";18;1;0.661352932;0
80;1576931206;1576931206;"TRUE";32;6;0.661178172;0
80;1568540392;1598285501;"TRUE";14;5;0.661052346;0
80;1632017499;1632017499;"TRUE";14;2;0.660559297;0
80;1462391510;1462391510;"TRUE";15;4;0.658655405;0
80;1504164464;1504164464;"TRUE";14;6;0.656496286;1
80;1508369465;1508369465;"TRUE";14;0;0.655985653;0
80;1623386616;1623386616;"TRUE";17;9;0.655495584;0
80;1571483761;1571483829;"TRUE";11;1;0.652670145;0
80;1515347267;1515347267;"TRUE";10;1;0.652224898;0
80;1621202352;1621202352;"TRUE";14;1;0.64682734;0
80;1463806223;1463806223;"TRUE";11;3;0.645848274;0
80;1609285457;1609285457;"TRUE";10;0;0.645379186;0
80;1499917715;1627531025;"TRUE";9;6;0.645243645;0
130;1415598211;1415598211;"TRUE";220;234;0.919988513;6
130;1578074070;1578074070;"TRUE";72;1;0.875009954;2
130;1496035180;1496035180;"TRUE";70;78;0.87050885;3
130;1414167649;1414167649;"TRUE";102;115;0.851589262;3
130;1502333593;1575862379;"TRUE";40;0;0.782225013;0
130;1412113182;1412113333;"TRUE";46;3;0.781860292;0
130;1435069646;1435069646;"TRUE";45;65;0.776300967;0
130;1384961996;1469976720;"TRUE";43;0;0.77562058;0
130;1421661077;1442802726;"TRUE";54;6;0.770645559;4
130;1606608857;1606608961;"TRUE";27;0;0.75794965;0
130;1434063509;1434063509;"TRUE";24;6;0.748786688;0
130;1485626614;1485626614;"TRUE";26;0;0.745055497;2
130;1609847803;1610297434;"TRUE";20;0;0.744812429;2
130;1621644106;1630891603;"TRUE";28;1;0.738140583;2
130;1543678925;1544406646;"TRUE";23;36;0.736594081;0
130;1608130842;1608130842;"TRUE";24;5;0.73612082;10
130;1595635779;1595668596;"TRUE";26;1;0.73196429;0
130;1615687686;1615687686;"TRUE";21;10;0.728612304;0
130;1612127554;1612127554;"TRUE";17;2;0.724709094;0
130;1495484857;1495484857;"TRUE";17;1;0.71412307;0
130;1584992239;1584992239;"TRUE";19;18;0.711035252;0
130;1469636867;1469636985;"TRUE";18;0;0.710390866;0
130;1516458139;1527576193;"TRUE";18;2;0.709411442;2
130;1416080942;1416080942;"TRUE";41;57;0.70858115;1
130;1609558942;1609558942;"TRUE";15;0;0.702854097;2
130;1604607744;1604607744;"TRUE";22;3;0.70062083;0
130;1497486378;1497486378;"TRUE";30;3;0.700444996;1
130;1558738021;1558738021;"TRUE";15;2;0.699246764;0
130;1498291561;1498291748;"TRUE";24;1;0.697831213;0
130;1504020433;1511448327;"TRUE";15;1;0.696395993;2
130;1522288476;1522288476;"TRUE";15;0;0.685545027;0
130;1615746717;1615746717;"TRUE";14;8;0.684829772;2
130;1574740671;1574740671;"TRUE";12;0;0.681748033;0
130;1622505768;1622506340;"TRUE";16;4;0.678227246;0
130;1560985545;1560985545;"TRUE";20;14;0.674826264;1
130;1570698826;1570698826;"TRUE";14;2;0.674769938;0
130;1625307605;1625307605;"TRUE";13;0;0.673749387;0
130;1439400337;1439400337;"TRUE";18;4;0.670262396;4
130;1596166263;1596166263;"TRUE";16;1;0.67004019;0
130;1623001986;1623001986;"TRUE";23;9;0.669873476;0
130;1562083216;1562083216;"TRUE";19;3;0.66963315;0
130;1424571368;1432148538;"TRUE";25;2;0.668381095;9
130;1589194163;1589194163;"TRUE";11;9;0.666571677;0
130;1587178903;1587178903;"TRUE";14;3;0.665641189;0
130;1631500056;1631500056;"TRUE";20;3;0.663865983;0
130;1628035202;1628035202;"TRUE";10;0;0.659246922;0
130;1579936691;1579936691;"TRUE";14;0;0.657011926;0
130;1385558680;1385558680;"TRUE";27;0;0.655492187;0
130;1597779774;1597779774;"TRUE";14;5;0.654084623;0
130;1551925140;1551925140;"TRUE";11;0;0.654082656;0
130;1529806318;1529806318;"TRUE";14;1;0.651722431;5
130;1536692464;1536692464;"TRUE";10;0;0.649610698;0
130;1614099222;1614099222;"TRUE";9;4;0.646816015;0
130;1560977716;1560977716;"TRUE";12;0;0.646589994;0
130;1592255096;1592255096;"TRUE";10;0;0.645056963;0
130;1573490426;1573490426;"TRUE";10;10;0.644332111;0
130;1580186688;1580186688;"TRUE";19;8;0.644264638;1
130;1613768967;1613768967;"TRUE";9;1;0.643957138;1
130;1625402399;1625402399;"TRUE";12;1;0.643541336;0
130;1616191649;1616191649;"TRUE";10;1;0.643113971;0
130;1461350806;1461351437;"TRUE";13;1;0.641803145;0
130;1512510832;1512510832;"TRUE";13;1;0.641746342;2
130;1591436951;1591436951;"TRUE";10;1;0.641739488;0
130;1528583023;1528583023;"TRUE";10;5;0.641334355;0
130;1413760110;1413760110;"TRUE";19;4;0.641115785;0
130;1572882545;1572882545;"TRUE";12;6;0.640804768;0
130;1618180801;1618180801;"TRUE";10;1;0.64079541;4
130;1612986929;1612986929;"TRUE";8;4;0.640522897;0
130;1435256524;1495543898;"TRUE";10;0;0.638262272;2
130;1421523354;1421523375;"TRUE";22;2;0.636489511;0
130;1619452488;1619452488;"TRUE";8;4;0.634738147;1
130;1586299723;1586299723;"TRUE";15;6;0.63451767;0
130;1584078714;1584078714;"TRUE";8;0;0.632468522;0
130;1616038735;1616038735;"TRUE";9;1;0.632341206;0
130;1547961189;1547961189;"TRUE";15;11;0.630069256;1
130;1630537348;1630537348;"TRUE";12;1;0.62957567;5
130;1563227568;1563227568;"TRUE";7;0;0.629188955;0
130;1479969149;1479969367;"TRUE";9;0;0.629031658;0
130;1587323377;1587323377;"TRUE";20;3;0.628722906;0
130;1574374666;1574374666;"TRUE";13;2;0.628586888;0
130;1492421859;1492421859;"TRUE";14;0;0.628238738;0
130;1499866469;1499868943;"TRUE";12;0;0.628024518;0
130;1538833419;1538858462;"TRUE";8;0;0.625474215;0
130;1593136127;1593136127;"TRUE";11;1;0.624273419;0
130;1577854246;1577854246;"TRUE";9;1;0.622641504;0
130;1492564048;1492564153;"TRUE";12;0;0.622300982;0
130;1412976385;1428586504;"TRUE";16;1;0.621078134;1
130;1527226358;1527786216;"TRUE";9;1;0.62041074;0
130;1423377145;1423377145;"TRUE";8;2;0.619627893;0
130;1624660848;1624660848;"TRUE";7;1;0.618340969;0
130;1610223629;1610223629;"TRUE";7;0;0.618276417;0
130;1440912087;1440912087;"TRUE";9;0;0.617434204;0
130;1606480358;1606480358;"TRUE";10;0;0.616377831;1
130;1552879172;1554005061;"TRUE";8;0;0.616054714;0
130;1464380101;1464380101;"TRUE";7;0;0.6154266;0
130;1627762548;1627762589;"TRUE";6;1;0.615384638;1
130;1374412188;1413158222;"TRUE";10;0;0.614002883;0
130;1469532021;1469532021;"TRUE";6;6;0.613975942;0
130;1560286816;1560286816;"TRUE";8;0;0.613665521;0
130;1566477352;1566477352;"TRUE";8;3;0.612848639;0
220;1575340514;1575340514;"TRUE";327;13;0.950070202;0
220;1513616338;1513616338;"TRUE";449;180;0.941129804;28
220;1445987985;1454102072;"TRUE";376;29;0.932709455;6
220;1584488413;1594064596;"TRUE";288;95;0.926844954;0
220;1503646288;1574361750;"TRUE";1215;88;0.926836193;84
220;1479944396;1479944396;"TRUE";208;35;0.924619317;4
220;1589753636;1589807433;"TRUE";198;11;0.923900127;9
220;1413913815;1413913815;"TRUE";1535;691;0.922507942;27
220;1442441762;1453330117;"TRUE";703;278;0.91983068;19
220;1505936268;1505936268;"TRUE";196;10;0.918642461;13
220;1409252840;1421320830;"TRUE";478;7;0.91738975;26
220;1585301309;1585301309;"TRUE";312;58;0.915290534;3
220;1614712495;1614712495;"TRUE";131;75;0.910317063;15
220;1606719511;1606719511;"TRUE";306;39;0.908303916;0
220;1416959427;1546570922;"TRUE";636;875;0.907368779;58
220;1509736524;1509736524;"TRUE";217;52;0.906670511;46
220;1609412253;1609412253;"TRUE";113;51;0.901729286;0
220;1613055312;1619073368;"TRUE";113;6;0.900237083;1
220;1496756957;1496756958;"TRUE";822;38;0.900061727;8
220;1559626620;1559626620;"TRUE";136;52;0.899739623;5
220;1623449202;1623449202;"TRUE";152;33;0.89950496;0
220;1384696443;1385405392;"TRUE";552;0;0.899335325;3
220;1604580521;1604580521;"TRUE";135;52;0.898249388;13
220;1608269275;1608269569;"TRUE";112;62;0.894491255;2
220;1617995043;1618542592;"TRUE";191;97;0.893736482;0
220;1581701827;1581701827;"TRUE";131;15;0.893155873;0
220;1598265541;1598265541;"TRUE";153;127;0.892314136;5
220;1613073544;1613073544;"TRUE";201;150;0.891915202;14
220;1451864841;1451865424;"TRUE";317;183;0.890340447;15
220;1573716280;1573716280;"TRUE";172;38;0.889534831;0
220;1497523610;1497523610;"TRUE";263;26;0.88944608;0
220;1615427140;1615427140;"TRUE";101;48;0.887812078;0
220;1613854293;1613854293;"TRUE";92;46;0.887262642;9
220;1493546847;1493548929;"TRUE";124;5;0.886455953;3
220;1608751624;1608751662;"TRUE";127;18;0.886081517;0
220;1560195450;1564434562;"TRUE";158;48;0.885293663;13
220;1593518694;1593518694;"TRUE";125;4;0.883661449;0
220;1480008271;1480008271;"TRUE";86;6;0.883603871;5
220;1516054917;1600143067;"TRUE";239;29;0.883054733;0
220;1586384405;1588958142;"TRUE";102;2;0.880935431;4
220;1546328838;1546328838;"TRUE";94;17;0.880669594;0
220;1600857128;1600857128;"TRUE";97;59;0.879646897;11
220;1466639253;1466639253;"TRUE";107;42;0.879082501;2
220;1631933934;1631933934;"TRUE";108;13;0.878538251;0
220;1629907053;1629907053;"TRUE";101;52;0.878319621;9
220;1414538545;1414538545;"TRUE";203;10;0.876398563;11
220;1610979195;1610979195;"TRUE";117;14;0.875647843;10
220;1616506183;1616582019;"TRUE";84;1;0.872704744;3
220;1622908667;1622908667;"TRUE";146;69;0.872350276;4
220;1625915248;1625915248;"TRUE";128;70;0.872319758;6
220;1624718821;1624718821;"TRUE";197;72;0.870481253;2
220;1544918111;1544918111;"TRUE";153;114;0.869856775;0
220;1599355994;1599355994;"TRUE";119;27;0.865325391;3
220;1511424198;1511424198;"TRUE";119;102;0.864788353;12
220;1433619429;1483891810;"TRUE";259;24;0.863603175;8
220;1624100872;1624100872;"TRUE";86;144;0.863292933;6
220;1614714808;1614714808;"TRUE";77;6;0.862322628;0
220;1518198661;1518198661;"TRUE";102;35;0.859538198;5
220;1428027644;1428027644;"TRUE";288;1115;0.858812571;8
220;1595803430;1595803430;"TRUE";95;70;0.858503163;6
220;1385414186;1511464458;"TRUE";296;0;0.857239306;0
220;1386424624;1386424624;"TRUE";67;3;0.856803894;5
220;1621687214;1621687214;"TRUE";66;14;0.855578005;0
220;1561322880;1561322880;"TRUE";97;48;0.854936779;0
220;1512286123;1512286182;"TRUE";88;4;0.854654193;12
220;1611540397;1611540584;"TRUE";126;7;0.853680849;3
220;1488325927;1543175529;"TRUE";75;66;0.853391409;6
220;1604115925;1604115925;"TRUE";70;13;0.852479815;0
220;1498078133;1498078133;"TRUE";112;8;0.847634435;0
220;1628369201;1628369201;"TRUE";331;214;0.84665674;0
220;1591735915;1591735915;"TRUE";84;3;0.845742881;0
220;1595645715;1595645715;"TRUE";61;7;0.84506923;0
220;1623543408;1623543408;"TRUE";67;3;0.844383419;0
220;1488884766;1488884766;"TRUE";77;38;0.84410876;4
220;1607344873;1607344873;"TRUE";94;8;0.843951941;0
220;1416113528;1416113589;"TRUE";200;37;0.84284389;1
220;1388200354;1388200354;"TRUE";258;0;0.842805445;1
220;1625027912;1625027912;"TRUE";111;54;0.841784298;6
220;1416660290;1416660290;"TRUE";256;361;0.840481162;3
220;1479936741;1504148315;"TRUE";119;17;0.839125156;3
220;1606410545;1606410545;"TRUE";74;5;0.838908434;0
220;1551265232;1551265232;"TRUE";62;16;0.838552833;0
220;1291836815;1385404965;"TRUE";72;5;0.837289929;5
220;1428029682;1441334280;"TRUE";150;40;0.837053239;8
220;1431507423;1431507423;"TRUE";219;52;0.836614549;11
220;1506902582;1506902582;"TRUE";87;57;0.836073637;9
220;1556747741;1556747741;"TRUE";71;13;0.834630847;0
220;1567445498;1567445498;"TRUE";93;39;0.834299862;0
220;1620079667;1620079667;"TRUE";94;41;0.833946586;0
220;1606059799;1606059799;"TRUE";69;6;0.832785904;0
220;1544759657;1544759657;"TRUE";57;2;0.829720199;0
220;1613560653;1613560653;"TRUE";61;1;0.829537094;1
220;1402371786;1402371786;"TRUE";429;0;0.827989936;0
220;1316737190;1385422608;"TRUE";180;10;0.827567756;1
220;1632052320;1632052320;"TRUE";69;31;0.827558279;0
220;1487008321;1487008321;"TRUE";82;70;0.827133656;1
220;1420477774;1420479543;"TRUE";72;10;0.825479746;3
220;1421537072;1433032538;"TRUE";132;36;0.823646128;4
220;1574121861;1574121861;"TRUE";213;57;0.822135031;0
220;1593290546;1593290546;"TRUE";82;62;0.82171911;2
240;1462623311;1619073550;"TRUE";356;53;0.959320605;0
240;1597551005;1597551005;"TRUE";376;310;0.958859801;0
240;1607729438;1607729438;"TRUE";589;41;0.952471077;55
240;1587083707;1587083707;"TRUE";368;252;0.94869715;0
240;1624693052;1624693052;"TRUE";279;203;0.948315024;16
240;1608757174;1608757174;"TRUE";260;159;0.947399914;10
240;1592504416;1592504416;"TRUE";298;202;0.946824193;6
240;1478054449;1478054449;"TRUE";269;216;0.939381421;3
240;1574898377;1594166109;"TRUE";112;2;0.916042149;1
240;1626854195;1626854195;"TRUE";226;83;0.913931489;0
240;1613262810;1613262810;"TRUE";183;56;0.912992537;0
240;1507916859;1507916859;"TRUE";191;8;0.912780881;10
240;1559440714;1601114840;"TRUE";229;61;0.910369217;0
240;1595378749;1595378749;"TRUE";133;84;0.908563435;2
240;1404171372;1404171372;"TRUE";694;23;0.904203176;20
240;1471977148;1471977148;"TRUE";153;59;0.903464258;14
240;1496700904;1496700904;"TRUE";344;79;0.900104105;11
240;1596515676;1596515676;"TRUE";1006;72;0.89918828;80
240;1597737180;1597737180;"TRUE";115;8;0.894258976;0
240;1559815553;1559815553;"TRUE";182;194;0.892892361;10
240;1611930019;1611930019;"TRUE";98;3;0.890685797;0
240;1631032556;1631032556;"TRUE";103;45;0.889967322;0
240;1629508361;1629508361;"TRUE";149;43;0.889609694;1
240;1483530084;1601726859;"TRUE";102;6;0.886659861;15
240;1502879509;1511473017;"TRUE";104;2;0.885793388;2
240;1630601567;1630601567;"TRUE";110;32;0.885093033;0
240;1526346102;1526346102;"TRUE";97;6;0.884199083;0
240;1601209857;1601209857;"TRUE";133;49;0.883623302;0
240;1615994154;1615994154;"TRUE";116;28;0.882972836;0
240;1603139663;1603139663;"TRUE";95;2;0.882811308;0
240;1414869738;1414869738;"TRUE";902;748;0.882505894;14
240;1479938622;1479938622;"TRUE";135;48;0.881208241;11
240;1447445960;1447445960;"TRUE";687;2634;0.880666375;52
240;1414265601;1414265601;"TRUE";1347;1069;0.87784791;53
240;1447323641;1447323641;"TRUE";807;872;0.874905467;47
240;1572640466;1572640466;"TRUE";126;74;0.874668598;0
240;1582649932;1582649932;"TRUE";101;70;0.87439692;7
240;1573864793;1573864793;"TRUE";111;52;0.874209583;0
240;1585785611;1585785611;"TRUE";105;43;0.873499334;0
240;1515023801;1561940914;"TRUE";86;4;0.872219205;0
240;1439909855;1439909855;"TRUE";2125;4876;0.871326447;217
240;1624729480;1624729480;"TRUE";124;35;0.871190965;3
240;1415578726;1415578726;"TRUE";634;365;0.867246747;7
240;1565260470;1619605109;"TRUE";99;10;0.866712093;0
240;1385443782;1446777691;"TRUE";520;1;0.865616441;23
240;1614203108;1614203108;"TRUE";83;4;0.865215421;0
240;1600630833;1600630833;"TRUE";133;62;0.864632428;5
240;1618372123;1618372123;"TRUE";260;64;0.864564955;14
240;1429864837;1429864837;"TRUE";285;87;0.862572193;5
240;1606002850;1606002850;"TRUE";91;73;0.86257112;0
240;1420941232;1420941232;"TRUE";1125;3433;0.862136364;66
240;1620554859;1620554859;"TRUE";153;219;0.860683203;0
240;1527539783;1545370674;"TRUE";87;9;0.860074401;6
240;1627443238;1627443238;"TRUE";73;6;0.859207869;0
240;1560193297;1613853822;"TRUE";87;2;0.858965874;0
240;1420408068;1568978422;"TRUE";219;603;0.858676314;9
240;1551275024;1551276436;"TRUE";182;73;0.857442319;0
240;1413202442;1474032590;"TRUE";202;46;0.855221808;7
240;1577603001;1577603546;"TRUE";49;0;0.854721546;0
240;1607072970;1607072970;"TRUE";75;36;0.854243517;0
240;1595961219;1595961219;"TRUE";102;16;0.853249252;8
240;1447145873;1447145873;"TRUE";436;1306;0.853146136;28
240;1611062834;1611492111;"TRUE";183;27;0.852976143;26
240;1611847957;1611847957;"TRUE";104;74;0.852785945;0
240;1550528881;1550528881;"TRUE";62;3;0.852309704;0
240;1512231374;1512231374;"TRUE";174;68;0.852217376;24
240;1540178205;1540178205;"TRUE";73;70;0.851750553;0
240;1428931047;1543188641;"TRUE";71;16;0.851248503;1
240;1524896419;1524896419;"TRUE";85;168;0.850902438;5
240;1621102694;1621102694;"TRUE";92;43;0.849854648;7
240;1509091797;1509091797;"TRUE";67;8;0.849385738;2
240;1542869147;1543024201;"TRUE";77;9;0.84884274;0
240;1505117272;1511573971;"TRUE";108;191;0.848473012;9
240;1606471724;1606471724;"TRUE";71;23;0.847741485;0
240;1422849315;1422849315;"TRUE";267;554;0.846619606;31
240;1615578176;1615578176;"TRUE";349;57;0.846219122;15
240;1449721083;1455560326;"TRUE";92;168;0.84458226;10
240;1479988997;1479988997;"TRUE";66;7;0.844266772;3
240;1618597624;1618597624;"TRUE";75;26;0.844059706;1
240;1497560222;1512190499;"TRUE";157;198;0.843352497;3
240;1513032082;1513460415;"TRUE";90;20;0.842370987;7
240;1413141225;1413141225;"TRUE";897;916;0.841460943;35
240;1613770654;1615633746;"TRUE";62;4;0.841097355;2
240;1630455097;1630455097;"TRUE";70;17;0.840732217;0
240;1397888725;1397888725;"TRUE";940;8;0.840156138;11
240;1527059862;1527059862;"TRUE";98;137;0.838176489;0
240;1591223719;1591224401;"TRUE";100;8;0.838090122;0
240;1408551298;1408551298;"TRUE";156;131;0.838003159;27
240;1622103530;1622103530;"TRUE";52;34;0.836102843;2
240;1560562425;1560562425;"TRUE";91;54;0.835909009;0
240;1627458217;1627458217;"TRUE";70;15;0.835822463;0
240;1619244264;1619244264;"TRUE";68;3;0.834024131;0
240;1522626178;1522626178;"TRUE";84;9;0.833900511;20
240;1544407395;1544407696;"TRUE";167;49;0.831645787;0
240;1512279910;1608454959;"TRUE";71;7;0.83101809;0
240;1393123364;1393123364;"TRUE";1297;4;0.829923272;14
240;1490603420;1490603420;"TRUE";62;6;0.828093648;9
240;1615670383;1615670397;"TRUE";62;23;0.827681303;0
240;1520788233;1520788233;"TRUE";85;57;0.826753438;1
240;1446623127;1446623127;"TRUE";133;220;0.826474726;10
280;1375044585;1385412250;"TRUE";159;2;0.898452342;3
280;1428749221;1440634513;"TRUE";531;94;0.886445522;26
280;1586008208;1586008208;"TRUE";156;101;0.885036528;0
280;1595751488;1595751488;"TRUE";70;46;0.867195964;1
280;1411927200;1411927200;"TRUE";292;224;0.833914876;10
280;1582313604;1582313604;"TRUE";142;158;0.829588354;0
280;1404308119;1404308119;"TRUE";77;0;0.825129271;1
280;1608101217;1623055049;"FALSE";71;4;0.820224285;7
280;1612518036;1612518078;"TRUE";39;3;0.818121791;1
280;1418684416;1418684416;"TRUE";78;7;0.815238535;1
280;1611822760;1611822760;"TRUE";50;13;0.803456068;3
280;1492782136;1492782136;"FALSE";43;2;0.802436531;2
280;1624208032;1624208032;"FALSE";40;0;0.800843537;0
280;1591288494;1591288494;"FALSE";67;13;0.7905581;0
280;1600006157;1600455606;"TRUE";47;20;0.789523125;0
280;1440372678;1440372678;"TRUE";37;5;0.784696341;0
280;1576371185;1603667118;"FALSE";50;2;0.783221543;5
280;1614168638;1614168638;"TRUE";33;11;0.780739129;1
280;1592049626;1592049626;"FALSE";44;1;0.778217912;0
280;1622928687;1622928687;"TRUE";26;1;0.775979042;0
280;1498229523;1560111713;"FALSE";102;27;0.775325775;4
280;1485603916;1485603916;"FALSE";32;0;0.773520947;0
280;1624810042;1624810042;"FALSE";30;0;0.766183138;0
280;1388225880;1388225880;"TRUE";200;7;0.764547825;3
280;1587088450;1587088450;"FALSE";44;3;0.764490426;2
280;1625629035;1625629035;"TRUE";43;60;0.763979793;1
280;1559426690;1560602492;"FALSE";36;0;0.762262404;2
280;1596624299;1610280819;"FALSE";58;1;0.759912491;3
280;1545539161;1545949488;"FALSE";35;0;0.759363294;0
280;1615474427;1615474427;"FALSE";36;1;0.756635308;2
280;1445891066;1454103065;"TRUE";79;10;0.756567776;4
280;1623192531;1623192531;"TRUE";26;3;0.753899395;2
280;1439230564;1439231906;"FALSE";460;57;0.751730382;43
280;1625253616;1625253616;"FALSE";38;20;0.751513302;0
280;1600661677;1600661677;"FALSE";28;0;0.750349641;0
280;1612178520;1612178520;"FALSE";28;3;0.749474108;0
280;1421375388;1421375388;"TRUE";133;139;0.749125004;3
280;1438196414;1438214375;"FALSE";94;6;0.748074174;3
280;1514086927;1614025082;"FALSE";0;0;0.745525897;0
280;1527534097;1527534318;"TRUE";28;0;0.745274782;0
280;1452533313;1452533313;"TRUE";32;1;0.745200276;4
280;1478008098;1478008098;"TRUE";50;125;0.743840694;3
280;1582667285;1582667285;"FALSE";30;13;0.742873788;0
280;1422848013;1422848013;"TRUE";52;6;0.742429137;2
280;1589305977;1589305977;"FALSE";40;1;0.74171406;0
280;1413851333;1413851333;"TRUE";39;3;0.738107085;0
280;1562455850;1562455850;"TRUE";35;22;0.735252082;0
280;1605744715;1605744715;"FALSE";30;3;0.735092103;0
280;1593220662;1610987668;"FALSE";0;0;0.733816564;5
280;1609833987;1609833987;"FALSE";50;2;0.733339727;0
280;1608846691;1608846691;"TRUE";26;5;0.727578819;0
280;1385430092;1385430092;"TRUE";64;0;0.727485478;1
280;1592247652;1592247652;"TRUE";30;54;0.727098346;13
280;1415028568;1415028568;"FALSE";152;5;0.725891352;0
280;1616463580;1616463580;"TRUE";22;2;0.725531459;0
280;1589294276;1589294276;"FALSE";41;2;0.724888086;0
280;1465332138;1465332138;"TRUE";21;1;0.724484861;2
280;1602584637;1602584637;"TRUE";28;37;0.722597361;0
280;1586778991;1586778991;"TRUE";26;3;0.721468508;0
280;1508872220;1508872220;"TRUE";19;0;0.720927596;0
280;1623791302;1623791302;"TRUE";29;9;0.720651507;0
280;1598201792;1598201792;"FALSE";31;2;0.720098257;0
280;1415343829;1415343829;"TRUE";139;19;0.719509482;0
280;1411858007;1470375390;"FALSE";320;18;0.713044822;30
280;1515234273;1605871227;"TRUE";20;1;0.712220848;0
280;1625109625;1625109625;"TRUE";23;24;0.712115884;3
280;1387897657;1542876103;"TRUE";25;0;0.711856663;0
280;1488063708;1488063708;"FALSE";24;0;0.711417437;0
280;1594630138;1594630138;"TRUE";21;21;0.710055172;0
280;1568171612;1625636724;"FALSE";34;2;0.706958234;2
280;1545116765;1545116765;"TRUE";35;26;0.706113636;0
